{
    "splashes": [
        {
            "file": "jonathan.png",
            "credits": "Art by Jossamations"
        },
        {
            "file": "searching.png",
            "credits": "Art by Jossamations"
        },
        {
            "file": "the_village.png",
            "credits": "Art by Cade [CaZaKoJa]"
        },
        {
            "file": "quartz.png",
            "credits": "Art by 9redwoods"
        },
        {
            "file": "totem.png",
            "credits": "Art by 9redwoods"
        }
    ]
}